Satellite Name,Culmination Time (UTC),Altitude (km)
THEMIS D,2025-01-07 21:05:58,80599.50648643411
THEMIS E,2025-01-07 21:17:50,79700.25461681299
ARABSAT-6A,2025-01-07 22:55:59,38489.85662804554
EXPRESS-AM8,2025-01-07 23:20:27,38487.7114387189
ASTRA 2G,2025-01-07 23:46:17,38402.48813308898
METEOSAT-9 (MSG-2),2025-01-07 23:32:17,38400.172460211936
ARABSAT-7B (BADR-8),2025-01-07 23:27:52,38351.557275999374
THURAYA-2,2025-01-07 21:59:30,38349.75830825857
ES'HAIL 2,2025-01-07 21:52:56,38345.27677711402
ES'HAIL 1,2025-01-07 22:30:27,38336.15033757769
EUTELSAT 8 WEST B,2025-01-07 22:46:41,38328.722742780694
EUTELSAT 7 WEST A,2025-01-07 21:37:52,38323.55775194097
NILESAT 301,2025-01-07 21:58:03,38304.537802954976
ASTRA 5B,2025-01-07 22:47:39,38300.75152729656
EUTELSAT 5 WEST B,2025-01-07 22:26:08,38262.59685496177
EUTELSAT 21B,2025-01-07 21:32:24,38251.71294957503
ARABSAT-5C,2025-01-07 22:16:24,38227.77918890309
ABS-3A,2025-01-07 23:44:22,38222.90428849322
ASTRA 1L,2025-01-07 23:09:46,38222.755434616854
AMOS-17,2025-01-07 21:31:55,38182.8837851896
EUTELSAT 16A,2025-01-07 21:59:47,38179.96368108346
BULGARIASAT-1,2025-01-07 23:09:20,38164.276826198424
EUTELSAT 3B,2025-01-07 22:10:38,38156.39997302216
EUTELSAT 7B,2025-01-07 22:39:09,38131.62179377734
ALPHASAT,2025-01-07 21:32:05,38068.51744884922
TDRS 13,2025-01-07 22:57:07,38065.76558266131
MERIDIAN 8,2025-01-07 23:58:50,38064.55114990308
IRNSS-1I,2025-01-07 23:45:33,37479.60094632692
UFO 2 (USA 95),2025-01-07 21:11:07,37465.8448404649
USA 164 (MILSTAR-2 3),2025-01-07 23:04:18,37312.24378750921
SKYNET 4E,2025-01-07 23:46:11,37242.929789180605
IRNSS-1A,2025-01-07 22:50:13,37188.41789220891
AMC-14,2025-01-07 23:13:24,36507.23229454947
XMM-NEWTON,2025-01-07 22:16:56,32649.403500033917
COSMOS 2563,2025-01-07 21:16:28,32414.803546241135
PHASE 3B (AO-10),2025-01-07 23:14:39,28080.021116432184
SHIYAN 10-01 (SY-10 01),2025-01-07 21:26:11,26102.11259615663
GSAT0225 (GALILEO 29),2025-01-07 22:07:14,25709.430658655514
GSAT0232 (GALILEO 32),2025-01-07 21:30:47,25363.529405784484
GSAT0103 (GALILEO-FM3),2025-01-07 23:33:22,24395.321424637164
GSAT0102 (GALILEO-FM2),2025-01-07 22:29:39,23353.61544710752
GSAT0224 (GALILEO 28),2025-01-07 23:53:10,23283.204168293487
NAVSTAR 76 (USA 266),2025-01-07 22:28:59,22122.342624836485
NAVSTAR 49 (USA 154),2025-01-07 23:08:25,22010.552000196978
BEIDOU-3 M13,2025-01-07 22:28:35,21918.02791605176
BEIDOU-3 M9,2025-01-07 23:52:59,21732.96442594077
BEIDOU-3 M10,2025-01-07 21:45:34,21544.613854242907
NAVSTAR 52 (USA 168),2025-01-07 22:35:55,20677.33200448714
NAVSTAR 56 (USA 180),2025-01-07 23:30:34,20641.618605880103
COSMOS 2485 [GLONASS-M],2025-01-07 21:08:07,20424.741400570056
NAVSTAR 74 (USA 262),2025-01-07 21:17:18,20309.47968309449
NAVSTAR 83 (USA 440),2025-01-07 23:40:41,20227.31665713508
NAVSTAR 53 (USA 175),2025-01-07 23:46:18,20226.519395392654
NAVSTAR 46 (USA 145),2025-01-07 23:06:03,20033.155434121727
COSMOS 2476 [GLONASS-M],2025-01-07 22:28:58,19573.169862423314
COSMOS 2492 [GLONASS-M],2025-01-07 21:46:09,19497.960585802368
COSMOS 2433 [GLONASS-M],2025-01-07 23:20:04,19254.492749046934
COSMOS 2544 [GLONASS-M],2025-01-07 23:52:18,19190.201119175767
OMNI-M1,2025-01-07 21:24:19,10655.148935585139
GREENCUBE,2025-01-07 23:16:27,7002.570046266945
APSTAR-6E SPS,2025-01-07 23:06:08,3524.1449624381635
LCS 1,2025-01-07 21:53:05,3456.4053978955753
GLOBALSTAR M072,2025-01-07 21:20:22,2718.610395875087
RADIO ROSTO (RS-15),2025-01-07 21:50:18,2419.587817674571
GONETS-M 23,2025-01-07 23:05:45,2402.8682243612297
GONETS-M 9,2025-01-07 23:27:23,2401.3561500671285
LARES,2025-01-07 23:37:20,2260.098464629664
GONETS-M 14,2025-01-07 21:31:14,2224.31899568906
GLOBALSTAR M088,2025-01-07 23:00:47,2195.055821132117
COSMOS 2508,2025-01-07 21:09:07,2171.6761096381347
GLOBALSTAR M071,2025-01-07 23:42:53,2167.0924667999243
GONETS-M 20,2025-01-07 22:47:45,2100.82947254092
GLOBALSTAR M089,2025-01-07 23:06:15,2086.113859314788
COSMOS 2400,2025-01-07 22:24:43,2083.0776737478873
COSMOS 2408,2025-01-07 22:09:41,2076.7584390498187
COSMOS 2453,2025-01-07 21:34:30,2056.852444259793
ONEWEB-0713,2025-01-07 23:27:40,2032.042949901654
YAOGAN-20 01C,2025-01-07 23:10:55,2026.9490370129656
ONEWEB-0296,2025-01-07 21:27:00,2014.2169388434006
COSMOS 2553,2025-01-07 22:48:01,2008.5774232720223
GLOBALSTAR M078,2025-01-07 23:38:52,2007.0893510814085
ONEWEB-0108,2025-01-07 22:01:07,1995.16234670129
ONEWEB-0080,2025-01-07 23:30:06,1992.808189743334
ONEWEB-0599,2025-01-07 22:28:42,1985.0005621028488
ONEWEB-0310,2025-01-07 21:29:19,1978.9713396766942
ONEWEB-0720,2025-01-07 21:00:08,1978.0357229542424
GONETS-M 10,2025-01-07 22:59:27,1975.6688750588767
ONEWEB-0421,2025-01-07 23:00:58,1965.7642299582644
ONEWEB-0172,2025-01-07 21:58:48,1959.4451137009105
ONEWEB-0399,2025-01-07 23:32:30,1955.4594166390152
ONEWEB-0290,2025-01-07 22:31:05,1946.3103847075818
ONEWEB-0127,2025-01-07 21:31:37,1941.8906325428734
GONETS-M 5,2025-01-07 23:24:45,1937.4279492563055
ONEWEB-0131,2025-01-07 23:58:49,1932.3692273765728
ONEWEB-0543,2025-01-07 22:58:40,1925.3934431382788
ONEWEB-0151,2025-01-07 21:56:29,1923.4192001099336
ONEWEB-0042,2025-01-07 23:34:42,1919.1044389073268
ONEWEB-0095,2025-01-07 23:35:06,1914.0934704766582
ONEWEB-0717,2025-01-07 22:33:30,1907.2897589411368
ONEWEB-0129,2025-01-07 21:33:56,1903.5121838544185
ONEWEB-0145,2025-01-07 23:56:27,1896.5083981969126
ONEWEB-0426,2025-01-07 22:56:21,1894.091090764755
ONEWEB-0166,2025-01-07 21:54:10,1889.1922209260565
ONEWEB-0085,2025-01-07 23:37:19,1879.6709833060845
ONEWEB-0286,2025-01-07 23:55:16,1878.9786112691272
ONEWEB-0329,2025-01-07 22:35:53,1872.9040186767163
ONEWEB-0301,2025-01-07 21:36:14,1869.3355680385862
GONETS-M 10,2025-01-07 21:02:43,1867.4919803001985
ONEWEB-0400,2025-01-07 22:54:04,1860.332918807303
ONEWEB-0128,2025-01-07 23:54:05,1859.729758482167
ONEWEB-0328,2025-01-07 21:51:52,1853.8950032870928
2022-056B,2025-01-07 22:56:49,1845.4896871668357
ONEWEB-0034,2025-01-07 23:39:44,1841.768206195454
GONETS-M 8,2025-01-07 22:48:46,1840.5589143604516
ONEWEB-0330,2025-01-07 22:38:17,1836.030475329833
ONEWEB-0143,2025-01-07 21:38:32,1833.815170635191
POPACS 3,2025-01-07 23:01:37,1832.536673492579
ONEWEB-0146,2025-01-07 23:51:43,1826.6386025804386
ONEWEB-0316,2025-01-07 22:51:45,1824.4572715195463
GONETS-M 17,2025-01-07 23:46:42,1818.7050994127678
GLOBALSTAR M069,2025-01-07 22:57:32,1818.5028508602275
ONEWEB-0101,2025-01-07 21:49:32,1818.3843332932265
ONEWEB-0709,2025-01-07 23:42:10,1808.0985114904884
ONEWEB-0141,2025-01-07 21:40:39,1801.6403578714608
COSMOS 2496,2025-01-07 22:47:37,1798.2204641694002
ONEWEB-0532,2025-01-07 22:40:41,1797.2139011593295
ONEWEB-0139,2025-01-07 21:41:03,1795.2316326399296
ONEWEB-0300,2025-01-07 23:49:21,1791.5190537109088
ONEWEB-0544,2025-01-07 22:49:28,1787.2673908629085
ONEWEB-0168,2025-01-07 21:47:14,1786.3712591729413
ONEWEB-0088,2025-01-07 23:44:33,1766.914440671318
ONEWEB-0110,2025-01-07 21:43:10,1763.8177223780453
ONEWEB-0312,2025-01-07 22:43:06,1763.0046410230404
ONEWEB-0118,2025-01-07 23:47:00,1758.2236736448647
ONEWEB-0318,2025-01-07 22:47:09,1757.2528481343195
GLOBALSTAR M072,2025-01-07 23:26:22,1752.5167413332433
COSMOS 2390,2025-01-07 23:51:53,1749.758826778662
ONEWEB-0333,2025-01-07 21:44:54,1749.381023680882
ONEWEB-0295,2025-01-07 22:44:18,1743.5974250101651
COSMOS 2391,2025-01-07 23:39:54,1740.0071940118212
COSMOS 2451,2025-01-07 21:23:16,1739.5027753841841
ONEWEB-0083,2025-01-07 23:47:00,1733.5399245348763
ONEWEB-0288,2025-01-07 21:45:29,1730.7675692371906
ONEWEB-0293,2025-01-07 22:45:30,1727.3891672327516
ONEWEB-0294,2025-01-07 23:44:37,1723.6451780570162
ONEWEB-0326,2025-01-07 22:44:51,1723.5704434594431
ONEWEB-0160,2025-01-07 21:42:36,1718.294530621181
ONEWEB-0629,2025-01-07 22:46:42,1708.6231833591005
ONEWEB-0327,2025-01-07 22:43:41,1705.62948014236
ONEWEB-0096,2025-01-07 23:49:24,1698.7486462314343
ONEWEB-0135,2025-01-07 21:47:47,1698.6958905668534
ONEWEB-0628,2025-01-07 23:42:17,1691.7033449230794
ONEWEB-0303,2025-01-07 22:42:32,1691.1012853306704
ONEWEB-0719,2025-01-07 22:47:53,1689.5164916513822
GLOBALSTAR M094,2025-01-07 22:26:51,1687.498149168887
KL-ALPHA B,2025-01-07 21:41:37,1686.8734608604545
ONEWEB-0155,2025-01-07 21:40:18,1686.397880409603
GLOBALSTAR M091,2025-01-07 21:28:00,1685.8816947381413
COSMOS 2401,2025-01-07 22:45:47,1674.9022300409588
GJZ 01,2025-01-07 22:00:31,1665.8534320365982
ONEWEB-0398,2025-01-07 23:51:50,1665.6955808159385
ONEWEB-0125,2025-01-07 21:50:06,1663.937487250801
ONEWEB-0313,2025-01-07 22:50:07,1661.9565834729408
ONEWEB-0125,2025-01-07 23:39:54,1659.1205502954692
ONEWEB-0560,2025-01-07 22:40:15,1657.5678222484303
GONETS-M 21,2025-01-07 22:06:47,1655.8021371617483
ONEWEB-0298,2025-01-07 22:50:31,1654.929964336952
ONEWEB-0335,2025-01-07 21:37:58,1652.9151140149766
COSMOS 2498,2025-01-07 22:32:28,1643.8303786695924
ONEWEB-0090,2025-01-07 23:54:16,1632.1028679605677
ONEWEB-0628,2025-01-07 21:52:26,1631.3419813081514
KL-ALPHA A,2025-01-07 21:51:46,1628.2439285030048
ONEWEB-0320,2025-01-07 22:37:57,1626.737123643158
ONEWEB-0135,2025-01-07 23:37:32,1626.201263846858
ONEWEB-0173,2025-01-07 21:35:41,1624.5505243431423
ONEWEB-0299,2025-01-07 22:52:42,1622.3670256966916
AJISAI (EGS),2025-01-07 22:30:19,1606.9574930960189
GLOBALSTAR M071,2025-01-07 21:39:13,1605.3843635376588
ONEWEB-0294,2025-01-07 21:54:44,1602.1087735541685
ONEWEB-0620,2025-01-07 23:56:40,1601.9248421723512
GJZ 05,2025-01-07 21:31:48,1601.0069974650976
GONETS-M 9,2025-01-07 21:31:15,1597.9917545188243
ONEWEB-0331,2025-01-07 22:35:39,1596.4892487897182
ONEWEB-0288,2025-01-07 23:35:12,1595.5110315680884
ONEWEB-0174,2025-01-07 21:33:22,1593.0165770790165
ONEWEB-0289,2025-01-07 22:55:09,1591.8836348384618
YAOGAN-8,2025-01-07 22:26:29,1585.255799763933
GJZ 03,2025-01-07 21:33:32,1578.4662065802218
GJZ 04,2025-01-07 21:33:42,1575.8616445942164
ONEWEB-0118,2025-01-07 21:57:04,1570.4079786945388
ONEWEB-0069,2025-01-07 23:59:06,1568.132445999072
ONEWEB-0110,2025-01-07 23:32:50,1566.2450107584434
ONEWEB-0346,2025-01-07 22:33:21,1565.3447463524037
ONEWEB-0355,2025-01-07 21:31:03,1561.9454672010734
ONEWEB-0716,2025-01-07 22:57:31,1559.898590917279
COSMOS 2548,2025-01-07 21:19:25,1545.2441312074188
YAOGAN-9 01A,2025-01-07 21:27:21,1544.967036382461
ONEWEB-0300,2025-01-07 21:59:22,1542.0470439459532
ONEWEB-0139,2025-01-07 23:30:41,1539.1830611769815
ONEWEB-0158,2025-01-07 21:28:46,1535.695073651759
GLOBALSTAR M081,2025-01-07 21:57:01,1535.6439852920391
ONEWEB-0141,2025-01-07 23:30:17,1533.6150855912376
ONEWEB-0565,2025-01-07 22:31:03,1531.8249007046315
GLOBALSTAR M065,2025-01-07 22:20:22,1530.8998691364538
ONEWEB-0389,2025-01-07 22:59:57,1527.4761092645974
GLOBALSTAR M085,2025-01-07 21:17:47,1525.7273730390177
GLOBALSTAR M096,2025-01-07 22:37:02,1525.34722619366
COSMOS 2565,2025-01-07 23:50:01,1521.813419183158
COSMOS 2455,2025-01-07 22:55:14,1519.3294339391537
GONETS-M 22,2025-01-07 21:29:47,1513.9198805266794
ONEWEB-0146,2025-01-07 22:01:42,1512.9479776310636
COSMOS 2409,2025-01-07 23:25:03,1509.2632694719346
JAS-2 (FO-29),2025-01-07 22:52:58,1509.2029450802063
ONEWEB-0306,2025-01-07 22:28:46,1509.0117768361351
ONEWEB-0116,2025-01-07 21:26:28,1507.8923666874186
ONEWEB-0143,2025-01-07 23:28:07,1507.53039298769
COSMOS 2497,2025-01-07 22:05:54,1501.6346514092497
ONEWEB-0390,2025-01-07 23:02:22,1497.8900026600566
GLOBALSTAR M075,2025-01-07 21:47:02,1487.1050735710528
ONEWEB-0128,2025-01-07 22:04:01,1486.987198871669
ONEWEB-0341,2025-01-07 22:26:28,1480.0923345564677
ONEWEB-0301,2025-01-07 23:25:46,1479.937849088294
ONEWEB-0339,2025-01-07 21:24:09,1479.187532905169
ONEWEB-0316,2025-01-07 21:02:13,1473.8589094555766
ONEWEB-0286,2025-01-07 22:05:11,1471.7017714040135
ONEWEB-0391,2025-01-07 23:04:48,1467.8993091270995
ONEWEB-0167,2025-01-07 21:23:02,1466.576277962518
ONEWEB-0145,2025-01-07 22:06:21,1459.058611395761
ONEWEB-0129,2025-01-07 23:23:26,1454.1686652848975
ONEWEB-0163,2025-01-07 21:21:51,1453.6835543541908
ONEWEB-0325,2025-01-07 22:24:12,1453.4519499782168
COSMOS 2416,2025-01-07 22:33:20,1453.389298074512
GLOBALSTAR M091,2025-01-07 23:27:36,1449.5305524517958
ONEWEB-0400,2025-01-07 21:04:30,1446.487439992975
GLOBALSTAR M085,2025-01-07 23:18:18,1443.4352136352593
ONEWEB-0710,2025-01-07 23:07:11,1441.2053819401524
ONEWEB-0131,2025-01-07 22:08:40,1433.5011397487488
GLOBALSTAR M093,2025-01-07 22:08:07,1432.2661393065055
ONEWEB-0127,2025-01-07 23:21:03,1427.5008990253489
ONEWEB-0148,2025-01-07 21:19:33,1427.3364726114992
ONEWEB-0442,2025-01-07 23:08:24,1427.2387520597315
ONEWEB-0567,2025-01-07 22:21:52,1425.1502589507093
ONEWEB-0426,2025-01-07 21:06:45,1421.1334619655938
QIANFAN-44,2025-01-07 22:22:34,1420.2616940184162
GLOBALSTAR M097,2025-01-07 22:47:43,1419.8680791364802
GLOBALSTAR M081,2025-01-07 23:57:24,1419.6901185702427
GLOBALSTAR M089,2025-01-07 21:07:11,1419.2643999319746
ONEWEB-0094,2025-01-07 23:09:25,1414.226646491679
ONEWEB-0393,2025-01-07 23:09:48,1410.1622470899954
ONEWEB-0297,2025-01-07 22:10:59,1409.4983079063675
ONEWEB-0113,2025-01-07 21:17:16,1404.973501639517
ONEWEB-0343,2025-01-07 22:19:35,1402.884174267837
ONEWEB-0310,2025-01-07 23:18:43,1402.8202895669747
ONEWEB-0543,2025-01-07 21:09:01,1400.1298822388594
QIANFAN-33,2025-01-07 23:09:05,1399.4396651332988
KL-ALPHA A,2025-01-07 23:38:04,1397.8113117220132
QIANFAN-40,2025-01-07 22:21:44,1397.6249028202292
ONEWEB-0452,2025-01-07 23:12:02,1388.675678989986
TIANQI 30,2025-01-07 22:26:10,1388.465288410131
ONEWEB-0130,2025-01-07 22:13:19,1384.8096538806221
ONEWEB-0350,2025-01-07 21:14:57,1381.6863145636025
ONEWEB-0296,2025-01-07 23:16:22,1380.3236856379701
ONEWEB-0324,2025-01-07 22:17:18,1379.2287199888092
ONEWEB-0421,2025-01-07 21:11:16,1373.1764933243762
2024-092J,2025-01-07 22:55:01,1371.3061682512082
ONEWEB-0136,2025-01-07 22:15:37,1362.7046047062026
ONEWEB-0451,2025-01-07 23:14:26,1362.3842623581622
KL-ALPHA B,2025-01-07 23:27:58,1361.9500887439033
ONEWEB-0156,2025-01-07 21:12:39,1360.5030003944312
ONEWEB-0133,2025-01-07 23:14:01,1359.1270404743852
COSMOS 2407,2025-01-07 22:55:12,1358.2586386523478
ONEWEB-0340,2025-01-07 22:15:01,1356.4587332101285
EXACTVIEW-1 (ADS-1B),2025-01-07 23:48:27,1351.7568350934823
2024-092H,2025-01-07 22:56:23,1350.65350689511
ONEWEB-0396,2025-01-07 21:13:33,1350.4887191912694
IRIDIUM 107,2025-01-07 21:13:10,1345.6169933632693
ONEWEB-0463,2025-01-07 23:16:52,1341.9679550030162
ONEWEB-0323,2025-01-07 22:17:56,1341.6030084175802
ONEWEB-0162,2025-01-07 21:10:22,1340.0383040679105
ONEWEB-0114,2025-01-07 23:11:40,1338.5790094694125
2024-092G,2025-01-07 22:57:14,1338.3187957757293
ONEWEB-0405,2025-01-07 22:12:43,1335.489679773149
ONEWEB-0402,2025-01-07 21:15:48,1329.3529333829306
YAOGAN-9 01B,2025-01-07 21:02:16,1325.4730665974137
ONEWEB-0624,2025-01-07 22:20:17,1322.768702368061
ONEWEB-0178,2025-01-07 21:08:15,1321.4457939605752
ONEWEB-0120,2025-01-07 23:09:32,1320.6785398769052
ONEWEB-0436,2025-01-07 23:19:16,1318.7335650727653
ONEWEB-0533,2025-01-07 23:09:09,1318.5163139074298
ONEWEB-0337,2025-01-07 21:07:52,1318.3235942295382
ONEWEB-0432,2025-01-07 22:10:26,1314.6880358042074
IRIDIUM 154,2025-01-07 23:16:50,1312.853269177961
COSMOS 2504,2025-01-07 22:13:49,1310.4961876397515
ONEWEB-0414,2025-01-07 21:18:04,1309.5383258321822
POPACS 3,2025-01-07 21:20:27,1305.8632923162593
ONEWEB-0124,2025-01-07 22:22:37,1305.8568738049
ONEWEB-0159,2025-01-07 21:05:47,1303.6143008071276
ONEWEB-0302,2025-01-07 23:06:59,1301.9196648911184
ONEWEB-0627,2025-01-07 23:21:42,1299.4671114270309
ONEWEB-0419,2025-01-07 22:08:09,1295.8862770859394
ONEWEB-0420,2025-01-07 21:20:20,1292.430051788055
ONEWEB-0140,2025-01-07 22:24:56,1288.5676221114734
ONEWEB-0152,2025-01-07 21:03:28,1286.8549138770893
ONEWEB-0137,2025-01-07 23:04:40,1286.3028428227947
ONEWEB-0126,2025-01-07 22:26:06,1280.8600170079692
ONEWEB-0572,2025-01-07 23:24:07,1280.7479500390505
ONEWEB-0401,2025-01-07 22:05:52,1279.382955609409
QIANFAN-36,2025-01-07 23:19:05,1278.486510623385
ONEWEB-0394,2025-01-07 21:22:36,1274.3742367777834
ONEWEB-0111,2025-01-07 22:27:16,1274.0686264592412
ONEWEB-0147,2025-01-07 23:02:18,1272.3890557514517
ONEWEB-0345,2025-01-07 21:01:11,1272.0502544697508
IRIDIUM 147,2025-01-07 23:39:49,1265.5189957570826
ONEWEB-0410,2025-01-07 23:26:33,1262.664259121021
ONEWEB-0570,2025-01-07 22:03:35,1261.321953453014
ONEWEB-0134,2025-01-07 22:29:35,1261.1429023186547
HAIYANG-2C,2025-01-07 22:54:02,1260.4342279101324
ONEWEB-0430,2025-01-07 21:24:53,1259.4575848141449
ONEWEB-0117,2025-01-07 22:59:57,1259.3461624510142
ONEWEB-0317,2025-01-07 22:31:56,1250.4075394929882
ONEWEB-0616,2025-01-07 23:28:57,1250.0793904394525
ONEWEB-0424,2025-01-07 22:01:18,1248.9373059437985
ONEWEB-0308,2025-01-07 22:57:37,1248.0461423489126
GJZ 01,2025-01-07 23:52:30,1247.211978623465
ONEWEB-0631,2025-01-07 21:27:09,1244.567335331015
ONEWEB-0138,2025-01-07 22:34:15,1240.5852093611697
EOS-6 (OCEANSAT-3),2025-01-07 21:59:09,1239.3608302084476
SURCAL 159,2025-01-07 22:06:19,1239.13130226075
ONEWEB-0109,2025-01-07 22:55:16,1239.016146817598
ONEWEB-0427,2025-01-07 21:59:01,1236.40604252935
ONEWEB-0423,2025-01-07 23:31:23,1236.2298399252236
IRIDIUM 154,2025-01-07 21:36:11,1233.8147347650288
ONEWEB-0417,2025-01-07 21:29:25,1233.174947210683
ONEWEB-0119,2025-01-07 22:36:35,1233.0233309700213
ONEWEB-0121,2025-01-07 22:52:56,1231.5885655553786
ONEWEB-0291,2025-01-07 23:58:08,1227.3528431152772
ONEWEB-0123,2025-01-07 22:38:55,1226.9952063701296
ONEWEB-0475,2025-01-07 23:33:49,1226.0316032185983
ONEWEB-0132,2025-01-07 22:50:35,1225.8780914398037
ONEWEB-0406,2025-01-07 21:56:44,1224.8758205453173
YAOGAN-31 02B,2025-01-07 22:36:32,1223.004864077186
ONEWEB-0412,2025-01-07 21:31:41,1222.8933612914916
ONEWEB-0315,2025-01-07 22:41:15,1222.5552438378832
ONEWEB-0144,2025-01-07 22:48:16,1222.4179619463046
ONEWEB-0102,2025-01-07 22:43:35,1220.8496128843822
ONEWEB-0285,2025-01-07 22:46:07,1220.6720430574196
ONEWEB-0122,2025-01-07 22:45:43,1220.644799178351
ONEWEB-0142,2025-01-07 22:44:45,1220.3453640901694
YAOGAN-31 02C,2025-01-07 22:36:12,1220.2286937924832
ONEWEB-0305,2025-01-07 23:55:41,1217.7814380204534
ONEWEB-0443,2025-01-07 23:36:15,1216.7183912699613
TIANQI 29,2025-01-07 21:59:38,1216.5223121734389
ONEWEB-0571,2025-01-07 21:54:29,1215.4409789081487
ONEWEB-0397,2025-01-07 21:33:57,1213.8160624443553
YAOGAN-33 01,2025-01-07 22:58:28,1212.8761810077065
GJZ 02,2025-01-07 23:41:44,1212.6805740235725
ONEWEB-0625,2025-01-07 23:53:15,1210.2875705564547
ONEWEB-0626,2025-01-07 23:38:40,1209.752027654902
IRIDIUM 128,2025-01-07 21:04:04,1208.9246733419518
ONEWEB-0440,2025-01-07 21:52:10,1208.7631223239684
ONEWEB-0588,2025-01-07 21:36:14,1207.0921257825635
YAOGAN-34 01,2025-01-07 22:46:44,1206.7306957876194
YAOGAN-20 01C,2025-01-07 21:20:43,1205.9317374470338
YUNHAI-2 06,2025-01-07 21:19:41,1205.444865005376
ONEWEB-0314,2025-01-07 23:50:49,1204.9640160299577
ONEWEB-0422,2025-01-07 23:41:06,1204.7224381501867
EXACTVIEW-1 (ADS-1B),2025-01-07 22:08:34,1202.7709547588993
ONEWEB-0403,2025-01-07 21:49:53,1202.6811046101643
ONEWEB-0413,2025-01-07 21:38:30,1201.8543712346004
ONEWEB-0392,2025-01-07 23:48:23,1201.4229173268013
ONEWEB-0461,2025-01-07 23:43:32,1201.2202827078193
ONEWEB-0027,2025-01-07 23:45:58,1200.3342648678154
ONEWEB-0407,2025-01-07 21:47:37,1198.8415441833374
ONEWEB-0429,2025-01-07 21:40:47,1198.2733924690565
ONEWEB-0450,2025-01-07 21:43:16,1196.7750815926136
ONEWEB-0573,2025-01-07 21:45:20,1196.5036245215433
ONEWEB-0418,2025-01-07 21:42:52,1196.2528637464352
YAOGAN-31 02A,2025-01-07 22:36:21,1195.7972243296654
YAOGAN-20 01B,2025-01-07 21:28:43,1192.676010152836
YAOGAN-20 01A,2025-01-07 21:27:09,1190.3212441322305
BEIJING 1,2025-01-07 23:51:01,1183.477756060809
EMISAT,2025-01-07 21:00:05,1182.2401290112377
ZIYUAN 1-02C (ZY 1-02C),2025-01-07 21:41:24,1181.521958218053
LEO 3,2025-01-07 23:58:33,1176.2268494850837
ORBCOMM FM114,2025-01-07 22:42:25,1176.122140344589
EOS-6 (OCEANSAT-3),2025-01-07 23:37:30,1175.580371920818
IRIDIUM 166,2025-01-07 23:07:45,1174.8756383745201
SINOD-D 1,2025-01-07 23:47:07,1161.9990699005039
HJ-2B,2025-01-07 22:40:57,1152.7689132314692
ION SCV-013,2025-01-07 21:23:36,1145.7100830094698
YAOGAN-33 01,2025-01-07 21:20:53,1142.7931828414219
QIANFAN-30,2025-01-07 23:26:01,1136.9594135164332
IRIDIUM 110,2025-01-07 23:49:03,1134.590916031838
SITRO-AIS 27,2025-01-07 21:09:49,1133.358088089307
IONOSFERA-M 2,2025-01-07 21:31:22,1131.0136693307281
IRIDIUM 181,2025-01-07 23:06:42,1130.2754367876128
QIANFAN-25,2025-01-07 23:26:38,1126.3979077524302
MAKERSAT 0,2025-01-07 22:07:41,1122.54244948921
LEGION 4,2025-01-07 23:26:12,1121.6578805054762
HONGYAN 1 (CHONGQING),2025-01-07 21:56:09,1120.3467854253524
HJ-2B,2025-01-07 21:04:28,1119.754264538238
HONGYAN 1 (CHONGQING),2025-01-07 23:48:59,1116.4288464090798
IRIDIUM 105,2025-01-07 21:44:43,1113.8229137230828
MOHAMMED VI-B,2025-01-07 21:57:02,1104.644101291285
IRIDIUM 164,2025-01-07 21:45:24,1099.1284524241653
COSMOS 2565,2025-01-07 22:04:21,1093.6367061887252
SAUDISAT 1C (SO-50),2025-01-07 23:48:59,1080.4491518371153
KKS-1 (KISEKI),2025-01-07 22:38:02,1071.9203698827162
ONEWEB-0721,2025-01-07 21:11:12,1067.1227739425808
QIANFAN-34,2025-01-07 23:31:52,1062.5989922404706
GJZ 04,2025-01-07 23:21:55,1061.373635777042
GJZ 03,2025-01-07 23:21:41,1060.8495410804435
RASAT,2025-01-07 21:45:27,1058.9292907902388
SHIYAN 5 (SY-5),2025-01-07 22:45:27,1054.6630415380914
GJZ 05,2025-01-07 23:20:00,1053.3436226068488
HAIYANG-1C,2025-01-07 21:36:49,1053.1843330234233
IRIDIUM 165,2025-01-07 22:58:39,1043.661113623421
COSMOS 2554,2025-01-07 22:53:49,1030.8793458568646
SORCE,2025-01-07 23:01:08,1029.1888305685156
QIANFAN-31,2025-01-07 23:36:43,1014.8012681316541
NINGXIA-1 4,2025-01-07 21:19:48,1009.6886200801966
IRIDIUM 111,2025-01-07 23:58:15,1009.209861536968
KL-BETA B,2025-01-07 22:16:02,997.9740542159882
KINEIS-3B,2025-01-07 22:55:55,997.2739246058255
ALOS-2,2025-01-07 23:29:33,990.163642782848
NOVASAR 1,2025-01-07 21:04:29,990.0409367018777
KAZEOSAT 1,2025-01-07 21:57:50,989.4839323204459
TIANQI 31,2025-01-07 21:06:01,988.8935082059994
COSMOS 2463,2025-01-07 22:00:45,982.264089503874
IRIDIUM 108,2025-01-07 21:54:36,981.015058406664
QIANFAN-22,2025-01-07 23:39:14,975.8309635305816
NINGXIA-1 2,2025-01-07 23:47:04,973.70479407928
NOAA 18,2025-01-07 21:09:16,973.1879458027643
NINGXIA-1 3,2025-01-07 21:38:55,966.7894812851838
2024-149DJ,2025-01-07 22:14:26,964.2807173459158
FORMOSAT-7R (TRITON),2025-01-07 22:09:18,963.6869979117919
APRIZESAT 6,2025-01-07 22:55:13,961.8682752379436
KL-BETA A,2025-01-07 22:21:47,958.7418138885266
KINEIS-3A,2025-01-07 21:41:35,954.9333845229182
NINGXIA-1 3,2025-01-07 23:26:47,953.2262572374431
PVCC,2025-01-07 21:50:48,952.5168474789452
GOMX-1,2025-01-07 21:00:41,952.3166195898442
NINGXIA-1 2,2025-01-07 21:59:12,949.4727622341427
XW-3 (CAS-9),2025-01-07 21:40:54,948.8334935938474
CHUANGXIN 1 (CX-1),2025-01-07 21:29:32,946.947384780411
BISONSAT,2025-01-07 22:32:48,945.4741407157926
ORBCOMM FM109,2025-01-07 23:26:06,941.7398503338371
SAUDISAT 1C (SO-50),2025-01-07 22:08:57,938.8640865774992
PAYLOAD B,2025-01-07 23:50:18,938.856676367378
ORBCOMM FM110,2025-01-07 22:05:45,938.324151224631
NINGXIA-1 1,2025-01-07 22:19:19,936.503487309654
IRIDIUM 163,2025-01-07 22:49:32,935.9852033390439
COSMOS 2414,2025-01-07 21:59:37,935.834365974894
ESTCUBE 1,2025-01-07 21:12:05,933.9446294155646
NINGXIA-1 4,2025-01-07 23:07:39,932.5372190888874
2024-110B,2025-01-07 21:35:57,931.5537516258536
NINGXIA-1 5,2025-01-07 22:43:34,930.1710976845261
REIMEI (INDEX),2025-01-07 22:07:17,929.6433604376936
SENTINEL-3A,2025-01-07 21:11:02,925.3953050374251
QIANFAN-29,2025-01-07 23:48:53,924.5587692114623
WEINA 2,2025-01-07 21:45:57,923.5609444482774
IMECE,2025-01-07 23:32:47,920.792383639095
SATELIOT_4,2025-01-07 22:04:36,920.5405732744395
QIANFAN-39,2025-01-07 21:02:50,919.1884729213674
PROTOSAT-1,2025-01-07 22:43:44,919.0616504461179
DEIMOS-2,2025-01-07 22:21:35,910.4563591900949
CAS-2T & KS-1Q,2025-01-07 21:08:00,909.0411820859617
JILIN-1 GAOFEN 3A,2025-01-07 22:50:06,908.9313117707306
ZIYUAN 3-2 (ZY 3-2),2025-01-07 22:09:31,908.1587578850226
COSMOS 2566,2025-01-07 22:29:33,906.5262044964126
SPOT 7,2025-01-07 21:16:51,902.7287529518925
QIANFAN-26,2025-01-07 23:46:28,902.1193030929572
SNAP-3 EDDIE,2025-01-07 21:06:36,899.5204796645473
HORS 4 (RS82S),2025-01-07 21:18:10,898.991138312436
QIANFAN-43,2025-01-07 21:06:52,897.9664062353858
ION SCV-008,2025-01-07 21:15:56,897.0158027671145
STARLETTE,2025-01-07 23:22:36,896.2339923161185
GJZ 02,2025-01-07 21:56:50,895.977442918966
JILIN-1 GAOFEN 3D31,2025-01-07 21:21:27,893.940263963025
GRUS-1E,2025-01-07 22:51:06,891.5972632074696
SENTINEL-2B,2025-01-07 21:38:50,891.1697952931378
PLEIADES 1A,2025-01-07 21:49:17,890.9845776381181
PRISMA,2025-01-07 21:53:54,889.649509151429
ION SCV-012,2025-01-07 22:02:53,888.7555954976136
NUSAT-50 (NANCY ROMAN),2025-01-07 22:10:09,887.4569036010273
RESOURCESAT-2A,2025-01-07 21:25:29,885.5066942108242
FLOCK 4BE-3,2025-01-07 22:10:17,883.8127543087601
QIANFAN-19,2025-01-07 23:54:24,882.916818660359
STARLETTE,2025-01-07 21:33:21,882.8994529777343
LEGION 3,2025-01-07 22:08:12,881.8540068413444
IRIDIUM 155,2025-01-07 22:03:48,880.8445563785143
GNOMES-4,2025-01-07 21:19:49,876.9300682752115
QIANFAN-41,2025-01-07 21:10:28,873.9129237334363
YUNHAI-2 04,2025-01-07 21:48:15,873.5389243727979
FLOCK 4BE-9,2025-01-07 22:09:59,872.3391640442819
ITUPSAT1,2025-01-07 22:44:52,872.2139415095121
GRUS-1D,2025-01-07 21:42:27,871.9041781369571
TIANQIN 1 (CAS-6),2025-01-07 22:17:32,871.8152353764796
QIANFAN-37,2025-01-07 21:36:49,871.1698439160176
SDS-4,2025-01-07 21:32:13,870.6685068107518
DOORY-SAT,2025-01-07 23:18:06,868.029913831675
GAOFEN-12 03,2025-01-07 21:46:57,861.9459116995404
ALOS-4 (DAICHI-4),2025-01-07 22:20:43,861.287689357505
2024-153D,2025-01-07 23:52:04,858.7451306914384
ETRSS-1,2025-01-07 21:13:49,853.9328184100244
2024-199K,2025-01-07 21:15:17,853.8928347180694
GAOFEN-1 03,2025-01-07 21:07:44,853.7132522326782
2024-205N,2025-01-07 21:58:06,852.5504513815409
TIANYAN 01,2025-01-07 21:57:56,850.6988978153485
IRIDIUM 159,2025-01-07 22:40:27,850.4961752176679
TIANQI-3,2025-01-07 22:26:18,847.6198832097205
QIANFAN-38,2025-01-07 21:15:39,846.7512791314094
2023-085N,2025-01-07 22:56:43,846.571813964335
JILIN-1 GAOFEN 03D54,2025-01-07 23:31:02,844.4870353192591
EGYPTSAT-A (MISRSAT-A),2025-01-07 21:07:33,841.7563062603656
ALTAIR (RS65S),2025-01-07 21:13:21,838.1893359068116
FENGYUN 3F,2025-01-07 21:04:21,836.4117301872152
QIANFAN-46,2025-01-07 21:24:53,836.3480108890459
KINEIS-3C,2025-01-07 22:43:28,835.2253324048314
2024-052D,2025-01-07 22:16:51,834.1266382020733
FLORIPASAT-1,2025-01-07 21:31:41,832.9597227651087
UMBRA-10,2025-01-07 21:00:30,831.085656202383
GLOBAL-19,2025-01-07 23:01:45,830.7409966822389
JILIN-1 10,2025-01-07 22:08:05,829.7196939654856
BNU-1 (JINGSHI 1),2025-01-07 23:36:37,829.1251122970208
YUNHAI-2 03,2025-01-07 23:50:52,826.9581008258208
GRACE-FO 2,2025-01-07 22:47:31,826.0549720769612
ZY-1 02E,2025-01-07 21:50:32,825.6370698839175
JILIN-01 KUANFU 02B 4,2025-01-07 22:46:55,824.8880828678537
MKA-PN 1,2025-01-07 22:54:30,823.7260601062484
HAWK-10A,2025-01-07 21:00:08,822.6296233459012
BRO-10,2025-01-07 22:09:44,822.5209877692057
2024-094A,2025-01-07 21:49:46,821.7133620877554
OPTOS,2025-01-07 21:29:05,821.1032770158903
NESS,2025-01-07 21:46:23,819.6621065830502
GRACE-FO 1,2025-01-07 22:47:04,818.9370545461687
GLOBAL-12,2025-01-07 22:30:38,817.0545938065821
ASNARO,2025-01-07 21:15:37,815.5541817590488
LEMUR-2-LLOYD,2025-01-07 21:00:19,815.5035953918854
IRIDIUM 156,2025-01-07 22:12:58,814.9311445488588
IRIS-C2,2025-01-07 21:03:00,813.6245660119519
YUNHAI-2 04,2025-01-07 23:34:01,813.3420692746591
HEAD-3E,2025-01-07 23:31:36,813.3212410242446
TACSAT 6,2025-01-07 22:19:19,809.5891477600527
FALCON EYE 2,2025-01-07 21:48:06,808.047866170035
GEISAT PRECURSOR,2025-01-07 23:59:39,807.4865888340535
PTD-R (TYVAK-0127),2025-01-07 21:01:03,806.4983492068928
HAWK-10C,2025-01-07 21:00:18,805.9814724784611
ORBCOMM FM118,2025-01-07 21:37:05,804.9382852398616
2024-052E,2025-01-07 22:37:18,802.9370341246582
MOVE-II,2025-01-07 21:25:24,802.0109541483553
FLOCK 4Y-35,2025-01-07 21:26:59,800.6344364806135
FLOCK 4Q-33,2025-01-07 22:04:02,800.4799893889488
2024-092F,2025-01-07 23:29:44,798.9112616284764
AMAZONIA 1,2025-01-07 21:35:35,798.7003681279829
FLOCK 4BE-15,2025-01-07 22:04:08,798.6827650274062
2023-117B,2025-01-07 21:03:04,798.508933506614
FLOCK 4Y-7,2025-01-07 21:21:48,797.8118746749292
GLOBAL-13,2025-01-07 23:20:10,796.7470342129961
IRIDIUM 160,2025-01-07 22:31:16,796.4229767811045
FLOCK 4Q-31,2025-01-07 22:04:28,794.7783684347189
NUSAT-26 (M SOMERVILLE),2025-01-07 22:20:14,794.2410035945383
2023-081N,2025-01-07 21:54:02,793.4663797068898
CAS500-1,2025-01-07 23:06:46,793.2381547955262
GAOFEN-6,2025-01-07 21:35:44,793.0410859380451
ICEYE-X25,2025-01-07 23:55:15,792.2296218818057
GENMAT-1,2025-01-07 21:51:54,791.9722415968386
ICEYE-X40,2025-01-07 21:57:33,791.8225268491926
INTUITION-1,2025-01-07 22:03:48,791.5658765251825
HEAD-3B,2025-01-07 23:50:20,791.4803970226552
BRO-15,2025-01-07 21:57:28,791.1184662909733
SSTL S1-4,2025-01-07 21:16:19,790.8915794690312
SUPERVIEW NEO-1 01,2025-01-07 22:21:03,790.1392472344406
FLOCK 4BE-13,2025-01-07 22:04:14,788.9525954950029
2023-085AC,2025-01-07 22:57:24,786.9537326151473
JILIN-1 GAOFEN 3D02,2025-01-07 21:10:02,785.9466771417698
FLOCK 4BE-35,2025-01-07 21:01:14,785.71620429226
HAIYANG-3A,2025-01-07 21:20:24,785.5868711767199
LEMUR-2-MJR092620,2025-01-07 21:01:41,785.3014231791698
IRIDIUM 158,2025-01-07 22:22:08,785.2732854617981
ELSA-D CLIENT,2025-01-07 22:20:18,784.7113504444459
BEESAT-1,2025-01-07 22:01:09,782.5207054965089
SATELIOT_1,2025-01-07 21:56:26,781.5781495905278
HEAD-3C,2025-01-07 23:35:05,781.379382207869
BRITE-PL2 (HEWELIUSZ),2025-01-07 23:39:02,781.0917729438182
ICEYE-X31,2025-01-07 21:49:04,781.0802548787369
HYPSO-2,2025-01-07 21:54:59,779.0468317168031
2023-085J,2025-01-07 23:53:04,778.6749023961132
LEMUR-2-SANITA-VETRA,2025-01-07 21:05:43,776.0560318999898
LEMUR-2-STELLA,2025-01-07 21:03:46,775.5162932031811
HEAD-3D,2025-01-07 21:35:03,774.9742180596686
PICO-01G005,2025-01-07 22:15:00,774.0964868960665
LEMUR-2-NATALIEMURRAY,2025-01-07 23:45:35,773.7400975968591
FLOCK 4BE-18,2025-01-07 21:01:26,771.8525576944934
SAUDISAT 5B,2025-01-07 21:20:29,770.9026567608493
NANOFF B,2025-01-07 21:19:32,769.693563370289
NANOFF A,2025-01-07 21:19:20,768.2031528543467
ENMAP,2025-01-07 21:29:52,767.5645946337673
HEAD-3D,2025-01-07 23:18:20,766.9812328792272
HEAD-3C,2025-01-07 21:51:45,766.7022219034095
SNAP-3 JIMI,2025-01-07 23:21:48,765.6393654742783
OMNI-L2,2025-01-07 22:42:06,765.2215865166182
ICEYE-X35,2025-01-07 21:52:48,765.1360623213291
PROTOMETHEE,2025-01-07 21:53:27,765.0517309911279
HEAD-3A,2025-01-07 22:19:39,764.3866577070557
2023-085F,2025-01-07 23:59:46,763.8280324984831
HEAD-3B,2025-01-07 22:06:57,763.0382712559793
UM5-RIBAT,2025-01-07 21:55:43,759.6673577346252
2024-199AU,2025-01-07 21:07:43,755.4571587112273
DJIBOUTI-1A,2025-01-07 21:07:02,754.7074507635654
UMBRA-08,2025-01-07 21:47:26,753.8617703264093
BRO-14,2025-01-07 21:05:42,753.8021728850932
VIZARD-ION (RS68S),2025-01-07 21:08:30,753.3836697959882
2024-149BY,2025-01-07 21:05:32,753.1043468924036
2023-085P,2025-01-07 22:58:39,752.4312709141626
FLOCK 4BE-36,2025-01-07 22:01:10,751.2663307249933
YAOGAN-7,2025-01-07 21:12:40,750.5090045278557
TECMS,2025-01-07 21:46:56,749.7542435505292
FORMOSAT-5,2025-01-07 21:25:34,749.6942880125664
PERUSAT 1,2025-01-07 21:28:14,748.6020595536776
2024-199AS,2025-01-07 21:07:13,748.5443730126893
CHALLENGE ONE,2025-01-07 23:40:50,747.3751310958239
FLOCK 4BE-34,2025-01-07 21:03:34,745.5324048719693
HEAD-3E,2025-01-07 21:48:23,744.9708032171143
ROBUSTA-1E (ENSO),2025-01-07 21:33:14,744.6381590393999
STRIX-4,2025-01-07 22:13:31,743.7718460935502
LEMUR-2-SIERRINI,2025-01-07 21:54:13,743.4982785134708
MANTIS,2025-01-07 21:07:45,742.0594017082606
NUSAT-25 (MARIA TELKES),2025-01-07 22:16:47,741.7295400681603
LUOJIA-1 01,2025-01-07 21:16:29,741.4750468026526
DMC3-FM2,2025-01-07 21:40:27,741.0176269165906
LANDSAT 9,2025-01-07 21:13:14,739.7766505994911
JILIN-1 GAOFEN 03D17,2025-01-07 21:11:24,739.1590073804947
CBERS 4A,2025-01-07 21:01:27,738.087980329579
GOKTURK 1A,2025-01-07 22:19:01,735.9159158567094
LATINSAT B,2025-01-07 22:39:53,735.7257806873803
LEMUR-2-TOMATOKECHUP,2025-01-07 21:59:34,735.3609941217132
2024-024D,2025-01-07 21:06:49,730.7686020351885
GNOMES-5,2025-01-07 21:07:25,730.7520838268351
XINGSHIDAI 10,2025-01-07 21:04:30,729.7840694167527
AEROCUBE 7,2025-01-07 23:44:45,729.251502097621
SMDC ONE 2.4,2025-01-07 23:00:23,729.1686992235487
GAOFEN-5 02,2025-01-07 21:30:03,729.0540242667602
ORBASTRO-AF 1,2025-01-07 22:12:38,728.867104978166
JILIN-1 GAOFEN 03D09,2025-01-07 23:46:25,726.7205340215085
JILIN-1 GAOFEN 3D06,2025-01-07 22:12:32,726.1634982469518
HORUS 2,2025-01-07 21:57:58,725.4762658366258
JILIN-01 KUANFU 02B 2,2025-01-07 21:49:38,724.9230510505862
NUSAT-48 (HENRIETTA LE*),2025-01-07 21:59:16,724.1673596683275
UNIFORM 1,2025-01-07 22:55:11,722.0151445773513
2024-199L,2025-01-07 21:06:17,721.9323786312683
JILIN-1 GAOFEN 3D33,2025-01-07 22:43:22,719.9761504340037
BRO-1,2025-01-07 22:21:29,719.0148783284402
2023-085V,2025-01-07 23:46:40,718.4394788309502
S-NET C,2025-01-07 23:22:40,717.7153434705413
BRIO,2025-01-07 21:45:41,717.2311574324366
FLOCK 4Q-27,2025-01-07 21:57:44,716.895778730437
GNOMES-3,2025-01-07 21:50:27,716.4645827044907
ASTROCAST-0404,2025-01-07 21:24:49,715.561038671632
JILIN-1 GAOFEN 3D30,2025-01-07 22:29:13,715.4195520762116
ELSA-D,2025-01-07 22:39:52,712.9432469580123
KINEIS-3D,2025-01-07 22:31:12,712.3513146649924
STARLING 1,2025-01-07 22:00:44,711.2448478826005
TIANYAN 02,2025-01-07 22:22:56,710.9487087858645
LEMUR-2-AHMED-ASRAR,2025-01-07 21:52:55,710.700953741489
FLOCK 4Q-7,2025-01-07 21:05:24,708.0134377080816
2024-024A,2025-01-07 22:04:38,704.7237894761465
IMPULSE-1 MIRA,2025-01-07 21:33:07,702.7015917451942
UWE-4,2025-01-07 23:00:31,702.468486200552
NINJASAT,2025-01-07 22:08:20,702.3875931306483
SJ-11-02,2025-01-07 21:37:13,701.9147476543739
2024-024C,2025-01-07 21:52:55,701.8145975856623
2024-173C,2025-01-07 21:00:30,700.3894515213098
SWISSCUBE,2025-01-07 22:19:47,700.2440506407504
GLOBAL-13,2025-01-07 21:42:16,700.134165394453
KANOPUS-V 3,2025-01-07 22:54:57,699.8081317087955
ICEYE-X33,2025-01-07 21:10:30,699.3207694666808
FLOCK 4Y-8,2025-01-07 21:24:22,695.9450086018851
2024-173D,2025-01-07 21:00:39,695.8227120962356
FLOCK 4BE-29,2025-01-07 21:58:21,694.8132676757226
GAINDESAT-1A,2025-01-07 21:09:48,692.9605524528562
AAC-HSI-SAT1,2025-01-07 21:29:32,692.468909356026
STARLING 4,2025-01-07 22:01:29,692.1540460365813
JILIN-1 GAOFEN 03D10,2025-01-07 21:04:58,691.5982404623211
NAPA-1,2025-01-07 21:04:49,691.0352468282562
GEOEYE 1,2025-01-07 21:16:00,689.3139250434766
CONNECTA IOT-3,2025-01-07 21:54:49,688.3439440013198
S-NET B,2025-01-07 23:19:42,687.282486031721
SJ-11-07,2025-01-07 21:23:07,686.8483860761254
STARLING 2,2025-01-07 22:02:07,685.2888091435855
JILIN-1 GAOFEN 2A,2025-01-07 21:23:23,684.6504942582582
2024-149BF,2025-01-07 21:09:34,684.6188106156628
KINEIS-3E,2025-01-07 22:08:09,684.3462432713109
GEESAT-3 05,2025-01-07 23:28:37,683.2729318566134
2022-098C,2025-01-07 23:44:01,683.2197331631692
FLOCK 4BE-22,2025-01-07 21:56:10,682.2380833276331
2023-104A,2025-01-07 21:25:03,682.0579579297445
GHGSAT-C8,2025-01-07 23:06:09,679.877828940279
SUPERVIEW-1 04,2025-01-07 21:46:31,679.7303784195932
2023-187A,2025-01-07 21:49:17,678.9847925872801
STARLING 3,2025-01-07 22:02:47,677.9850123468942
GEESAT-3 01,2025-01-07 23:18:12,677.9676577914164
JILIN-1 GAOFEN 3D29,2025-01-07 21:36:24,676.6507682961465
FALCONSAT-10,2025-01-07 21:44:55,674.8870489244472
JILIN-1 GAOFEN 2D,2025-01-07 23:48:39,674.3318676425836
NUSAT-49 (KLARA DAN VO*),2025-01-07 21:55:47,674.1082924585892
FLOCK 4BE-33,2025-01-07 21:55:31,673.8564751583551
PRSS 1,2025-01-07 21:04:38,673.649274337023
GEESAT-3 02,2025-01-07 23:06:51,672.7843710145289
SKYKRAFT-1B,2025-01-07 21:04:39,672.45703483433
GEESAT-3 09,2025-01-07 22:55:32,671.7093569476546
FLOCK 4BE-7,2025-01-07 21:09:11,670.8535974710065
FLOCK 4Q-26,2025-01-07 21:08:29,670.5191680160602
LEMUR-2-URAMCHANSOL,2025-01-07 23:06:53,669.7335183175975
GEESAT-3 03,2025-01-07 23:40:22,669.7083392530475
JILIN-1 KUANFU 01,2025-01-07 21:45:24,669.0224541388635
GEESAT-3 10,2025-01-07 23:51:42,668.3131966245594
FLOCK 4Y-5,2025-01-07 21:16:33,667.5347500819485
GEESAT-3 08,2025-01-07 22:44:34,666.8849273455448
COSMOS 2558,2025-01-07 23:17:33,664.5449579436095
CONNECTA T3.1,2025-01-07 21:55:15,662.3097636445258
FLOCK 4Q-4,2025-01-07 21:06:29,661.8345847279816
BUFENG 1A,2025-01-07 22:16:53,659.2127097505312
GOSAT 2,2025-01-07 23:59:47,658.8861620921227
2023-187C,2025-01-07 21:46:38,658.2947236451257
FLOCK 4Q-17,2025-01-07 21:08:26,657.3806611167705
SATORO-T2,2025-01-07 21:55:56,656.7156753966624
ISS (ZARYA),2025-01-07 23:34:27,656.129872885719
ISS (NAUKA),2025-01-07 23:34:27,656.0165752919613
CYGNUS NG-21,2025-01-07 23:34:27,656.0165752919613
PROGRESS-MS 28,2025-01-07 23:34:27,656.0165752919613
SOYUZ-MS 26,2025-01-07 23:34:27,656.0165752919613
CREW DRAGON 9,2025-01-07 23:34:27,656.0165752919613
PROGRESS-MS 29,2025-01-07 23:34:27,656.0165752919613
LEMUR-2-MANO,2025-01-07 22:20:20,655.4800450208824
GEESAT-3 06,2025-01-07 22:33:29,654.4133744707087
GEESAT-3 08,2025-01-07 21:03:39,651.0585538785106
HAWK-7B,2025-01-07 22:26:40,650.8206731143428
JILIN-1 04,2025-01-07 22:20:55,650.6553298908723
FLOCK 4Y-16,2025-01-07 21:17:59,648.9761217587543
TYCHE,2025-01-07 21:10:36,648.8213360300124
HJ-2A,2025-01-07 21:49:51,647.713987942186
MALLIGYONG-1,2025-01-07 21:34:22,647.0822725959554
MOHAMMED VI-A,2025-01-07 21:08:48,646.9994004302506
FLOCK 4Y-15,2025-01-07 21:14:13,645.2766099933051
BEIJING-3B,2025-01-07 21:42:48,644.375929198084
TORO,2025-01-07 21:15:59,644.030816575898
UMBRA-09,2025-01-07 21:16:51,641.6742688303356
OMNI-L1,2025-01-07 21:48:56,641.5780815386785
IPERDRONE.0,2025-01-07 21:55:39,641.4666111224036
KANOPUS-V 4,2025-01-07 23:40:55,640.3183250463678
1998-067XC,2025-01-07 23:33:20,640.2116777981976
YOMOGI,2025-01-07 23:33:00,640.0122988656224
LEMUR-2-MARHISYAM,2025-01-07 21:16:36,639.324778854803
S-NET A,2025-01-07 23:15:40,638.5165534818759
PLEIADES NEO 4,2025-01-07 21:26:15,637.9354410619845
DOORY-SAT,2025-01-07 21:36:14,637.7612661829957
DMC3-FM1,2025-01-07 21:08:34,637.2172103541367
2024-016C,2025-01-07 21:45:47,636.4582436700002
2023-085Q,2025-01-07 23:56:04,635.1130521200479
FLOCK 4BE-12,2025-01-07 21:53:11,634.022662366645
2024-085B,2025-01-07 21:04:47,633.3412601342668
2023-085D,2025-01-07 23:11:42,633.125061670224
GEESAT-3 07,2025-01-07 22:22:03,632.2896461219841
2024-173H,2025-01-07 21:06:12,632.1783028276303
TAIFA-1,2025-01-07 22:35:30,631.3065972584284
WORLDVIEW-3 (WV-3),2025-01-07 21:13:30,631.1735115360032
NANOSAT 1B,2025-01-07 23:01:54,630.3310174004349
S-NET D,2025-01-07 23:14:27,630.0683407172753
CAPELLA-15 (ACADIA-5),2025-01-07 21:19:33,628.4018625864492
LEMUR-2-BASS,2025-01-07 21:06:15,628.3886302408662
SATELIOT_3,2025-01-07 21:18:26,627.7143831341042
PLATERO,2025-01-07 21:56:52,627.3496895907758
FLOCK 4Y-25,2025-01-07 21:12:23,627.2973071737571
2024-095C,2025-01-07 21:58:36,626.9731235102597
KOYOH,2025-01-07 21:12:12,626.9144569626293
FLOCK 4Q-35,2025-01-07 21:12:01,626.8934915920917
CAPELLA-9-WHITNEY,2025-01-07 21:17:19,626.5006002679139
2024-173E,2025-01-07 21:03:47,626.487981562542
JILIN-1 GAOFEN 4A,2025-01-07 22:51:07,625.8875710860034
SUPERVIEW-1 03,2025-01-07 22:16:00,625.8810637537823
SHUNTIAN,2025-01-07 22:08:32,625.4366663069599
GEESAT-3 10,2025-01-07 22:10:34,625.1008510654684
JILIN-1 KUANFU 01C,2025-01-07 21:49:00,624.9219439724283
2024-205B,2025-01-07 21:04:25,624.8364945393319
ONGLAISAT,2025-01-07 23:12:50,623.8301971183644
CSC-1,2025-01-07 21:16:29,623.071857023736
DMSAT-1,2025-01-07 23:52:06,623.0092374147143
CAPELLA-10-WHITNEY,2025-01-07 22:35:52,622.686389763014
CAPELLA-9-WHITNEY,2025-01-07 22:55:05,621.1391405170443
AAC-HSI-SAT3,2025-01-07 21:14:16,620.9729492465962
2024-016B,2025-01-07 21:48:29,619.5792979662284
ILLUMA-T,2025-01-07 22:40:12,618.7807233412111
1998-067XD,2025-01-07 23:08:47,618.659464597317
ALICE,2025-01-07 21:50:10,618.494282107467
HORUS 1,2025-01-07 21:10:49,618.2096838735209
GEESAT-3 09,2025-01-07 21:14:34,617.4998738345598
2023-085L,2025-01-07 23:04:35,614.8037524855421
2024-016A,2025-01-07 21:51:57,612.9124795952607
2024-173B,2025-01-07 21:47:10,612.7712358304892
CONNECTA IOT-2,2025-01-07 21:14:35,612.5777132285871
ION SCV-010,2025-01-07 21:47:57,612.3790018646405
GEESAT-3 03,2025-01-07 21:59:15,612.2166127999869
HAWK-7C,2025-01-07 22:26:33,612.1328817235121
ISAT,2025-01-07 23:10:23,610.8311322886258
DONGPO 01,2025-01-07 23:00:38,609.4879124735762
SOCRATES,2025-01-07 23:15:03,608.4305071356545
ICEYE-X43,2025-01-07 21:37:17,606.3372851085951
2024-149DA,2025-01-07 21:44:54,605.2754265035489
GEESAT-3 05,2025-01-07 21:47:32,605.1938060562558
2024-092E,2025-01-07 23:45:51,605.0039729552387
2024-149DD,2025-01-07 21:22:03,604.5895807619828
WEILAI 1R,2025-01-07 22:01:53,604.2780900814408
FLOCK 4Q-22,2025-01-07 21:12:32,604.2208418523046
PTD-4 (LISA-T),2025-01-07 21:41:25,603.2301919055949
FLOCK 4Y-29,2025-01-07 21:17:38,603.1011580423732
CUBESX-SIRIUS-HSE,2025-01-07 22:41:35,601.3381336732257
GEESAT-3 02,2025-01-07 21:25:51,601.2175702563707
BUFENG 1A,2025-01-07 23:56:25,600.6490106558841
PEARL WHITE 1,2025-01-07 22:35:50,599.9907619321051
JILIN-1 09,2025-01-07 22:25:58,599.036739992534
AISSAT 1,2025-01-07 21:01:44,598.5547632845853
2024-149DF,2025-01-07 21:22:56,598.5046515658833
KEPLER-20,2025-01-07 22:24:12,598.4417971325317
FLOCK 4BE-23,2025-01-07 21:15:38,597.8487097113108
LUR-1,2025-01-07 21:48:08,595.5855095571291
DEIMOS,2025-01-07 21:51:00,595.5006144386954
LEMUR-2-SQUIRRELCOMM,2025-01-07 21:23:54,595.0837781347942
NORSAT-TD,2025-01-07 23:20:14,595.0212817203115
GEESAT-3 01,2025-01-07 21:37:09,594.2755995518627
GHOST-1,2025-01-07 22:22:50,593.6367606286768
GRUS-1B,2025-01-07 22:18:07,593.0771770441727
2022-087A,2025-01-07 21:46:34,592.9210526312248
QPS-SAR-8 (AMATERU-IV),2025-01-07 21:35:38,592.0587091872677
NIGHTJAR,2025-01-07 21:30:05,591.609772544235
FLOCK 4BE-10,2025-01-07 21:48:52,591.085444110439
YAM-7,2025-01-07 21:16:16,590.9668727765754
PEARL WHITE 2,2025-01-07 21:38:54,590.922439304758
DONGPO 07,2025-01-07 23:00:47,590.8086648483032
SEDNA-1,2025-01-07 21:37:00,590.3520100913962
DONGPO 05,2025-01-07 23:34:13,590.2966415872473
2024-110C,2025-01-07 21:56:45,589.8104162272579
2023-085AA,2025-01-07 23:15:01,589.4358591235101
YODAKA,2025-01-07 22:52:56,589.3049478805136
LEMUR-2-THENICKMOLO,2025-01-07 23:42:51,589.0514093245614
LEMUR-2-CHRISTINAHOLT,2025-01-07 23:58:40,588.2159771370468
BUFENG 1B,2025-01-07 21:07:37,587.4434191738083
UM5-EOSAT,2025-01-07 21:26:29,586.5062911187449
SMDC ONE 1.1,2025-01-07 23:33:14,586.307078285918
GAOFEN-9 04,2025-01-07 21:27:07,585.7480202249458
CONNECTA T3.2,2025-01-07 21:15:04,585.6608276769759
JILIN-1 KUANFU 02A,2025-01-07 22:43:49,585.6505142039064
JILIN-1 GAOFEN 3A,2025-01-07 21:11:01,585.625202000793
2024-205A,2025-01-07 21:08:49,585.2294434770279
KSF3-C,2025-01-07 21:32:02,584.8885718039418
FLOCK 4Y-33,2025-01-07 21:09:45,584.5405335203351
GRUS-1A,2025-01-07 21:36:51,584.516991000627
HAWK-7A,2025-01-07 22:26:53,583.5353352623226
2023-085S,2025-01-07 23:16:09,582.8209517259903
TRITON-1,2025-01-07 23:56:14,582.7035871113927
PELICAN-1,2025-01-07 21:19:52,581.7774139940872
SMDC ONE 1.2,2025-01-07 23:20:55,581.606988425472
WILDTRACKCUBE-SIMBA,2025-01-07 22:29:58,580.4973127945132
GAOFEN-7,2025-01-07 21:25:14,579.3651840044238
2023-085AK,2025-01-07 23:06:32,578.9173535264157
2023-085AE,2025-01-07 23:52:03,577.6364995559825
FLOCK 4Q-23,2025-01-07 21:48:01,577.0178635566739
SUPERVIEW NEO-1 02,2025-01-07 21:34:46,575.1023583463017
2024-092D,2025-01-07 23:49:26,574.9436621449586
FLOCK 4BE-19,2025-01-07 21:18:06,574.8543234915509
FLOCK 4Q-9,2025-01-07 21:45:41,574.6580025687509
JILIN-1 GAOFEN 03D16,2025-01-07 21:14:17,574.4016914098883
MACSAT (FINCH 1),2025-01-07 21:04:01,574.3538447120408
FLOCK 4BE-28,2025-01-07 21:18:08,574.2242386473147
CUAVA-2,2025-01-07 21:47:25,573.4457057375049
COSMOS 2576,2025-01-07 23:39:35,573.2555201488764
JILIN-01 KUANFU 02B 1,2025-01-07 22:05:53,572.8782593042539
FLOCK 4Y-10,2025-01-07 21:09:46,570.5616329631379
PICO-01B009,2025-01-07 21:15:05,569.7636285089656
2023-085AL,2025-01-07 23:33:37,569.648275331645
ASTROCAST-0301,2025-01-07 23:25:55,568.9264347960357
FLOCK 4Q-6,2025-01-07 21:44:33,568.6218159428341
2023-117F,2025-01-07 21:06:51,568.0969096264776
JILIN-01 KUANFU 02B 5,2025-01-07 22:24:35,567.6382424472318
2023-085R,2025-01-07 23:43:56,567.4943776322685
2024-094B,2025-01-07 21:03:26,566.1815184753996
FACSAT-2,2025-01-07 23:18:57,563.9806860828478
2024-149DG,2025-01-07 21:35:07,563.163051664596
2024-149DE,2025-01-07 21:31:43,563.0929935706836
2024-149DC,2025-01-07 21:31:50,562.9533209393061
2023-081W,2025-01-07 21:19:08,562.0598381072276
LEGION 2,2025-01-07 21:10:25,560.4516052775361
MIRATA,2025-01-07 21:57:34,560.2522159505644
FLOCK 4BE-1,2025-01-07 21:20:01,560.0941178787609
LEMUR-2-ZO,2025-01-07 23:52:34,560.0529837682083
QAEM 100 R/B,2025-01-07 23:30:40,559.3114413892367
GEESAT-3 04,2025-01-07 23:20:28,558.7814402418883
2024-149DH,2025-01-07 21:32:48,558.171285043238
ASTROCAST-0401,2025-01-07 21:58:33,557.8651374316374
TOMORROW-S1,2025-01-07 21:43:58,557.3618395969221
FLOCK 4BE-27,2025-01-07 21:45:16,556.1732118442584
2024-149A,2025-01-07 21:20:02,554.2124842735079
BRIK-II,2025-01-07 21:06:45,553.3627104275904
JILIN-1 06,2025-01-07 22:47:54,552.3033607506202
TIANMU-1 20,2025-01-07 23:39:19,552.133272988156
JILIN-1 GAOFEN 03D43,2025-01-07 23:31:59,550.967778447532
FLOCK 4Q-36,2025-01-07 21:44:51,550.9547209889282
2024-094C,2025-01-07 21:28:05,550.9204049452272
KEPLER-21,2025-01-07 22:56:33,549.0163676504442
DISCO-1,2025-01-07 23:39:00,547.5461454048675
2024-024J,2025-01-07 21:13:24,547.2492981411143
ROCK,2025-01-07 21:21:12,547.1460843461695
2024-110A,2025-01-07 22:21:24,546.6212066779868
LEMUR-2-DEVERILL-M-T,2025-01-07 22:29:08,546.0249801838594
SMDC ONE 2.3,2025-01-07 21:54:09,545.8045193693963
JILIN-1 GAOFEN 03D15,2025-01-07 21:16:13,544.6342283259493
GAOFEN-11 05,2025-01-07 21:19:21,542.4061376348817
JILIN-1 GAOFEN 03D52,2025-01-07 23:52:17,541.7275735178001
2023-085AR,2025-01-07 23:48:19,540.5353114455188
2023-117C,2025-01-07 21:26:39,538.967021631693
JILIN-01 KUANFU 02B 6,2025-01-07 22:16:32,538.4960894594578
FLOCK 4BE-31,2025-01-07 21:42:55,538.0217114701578
JILIN-1 GAOFEN 3D32,2025-01-07 22:03:42,537.324304225516
ESAIL,2025-01-07 21:45:52,537.2320836159378
LOPEN,2025-01-07 21:22:40,536.9352414381628
BRO-6,2025-01-07 22:01:26,535.8935635878615
BRO-5,2025-01-07 21:01:25,535.6616814332925
2023-085AD,2025-01-07 23:29:20,534.6554983496668
BRO-1,2025-01-07 23:59:37,534.2891055937787
FLOCK 4BE-32,2025-01-07 21:22:48,534.1013005678989
2023-085AJ,2025-01-07 23:15:20,533.6770936546111
2023-081A,2025-01-07 21:20:13,532.21200579584
BRO-11,2025-01-07 21:30:48,531.4270856606164
2023-085C,2025-01-07 23:39:55,530.5252333892201
LEMUR-2-GUSTAVO,2025-01-07 23:58:34,529.7480494641969
2024-205D,2025-01-07 21:17:30,529.5018772551922
FLOCK 4Q-1,2025-01-07 21:40:24,528.2533788382951
ASTROCAST-0402,2025-01-07 21:45:11,528.0345658389165
CONNECTA T2.1,2025-01-07 23:09:54,526.0863651828641
2024-085E,2025-01-07 21:29:21,525.4951205583801
TIANMU-1 22,2025-01-07 23:44:21,524.4221662643656
PHISAT 2,2025-01-07 21:37:41,523.6795095373477
LEMUR-2-KADI,2025-01-07 23:05:22,523.6727700593267
ORESAT0.5,2025-01-07 21:42:25,523.5510222579601
FLOCK 4Q-30,2025-01-07 21:41:22,521.6364021984788
KANOPUS-V 6,2025-01-07 23:17:54,521.6332883102923
2024-205C,2025-01-07 21:22:32,521.5215079152825
MDQUBESAT-2,2025-01-07 21:01:24,521.1861671471378
FLOCK 4Q-19,2025-01-07 21:21:56,519.9360013294068
COSMOS 2574,2025-01-07 22:55:11,519.8195554968866
JILIN-1 GAOFEN 3D04,2025-01-07 22:26:36,519.617185416813
2023-003C,2025-01-07 21:15:43,519.4832177137796
FLOCK 4BE-2,2025-01-07 21:25:51,519.2923395826854
FLOCK 4Q-13,2025-01-07 21:23:20,518.6130091685249
BRO-4,2025-01-07 22:23:59,516.7444661635518
TANAGER-1,2025-01-07 21:25:36,516.5425726017032
KHAYYAM,2025-01-07 23:03:52,515.8682596773763
FLOCK 4Q-15,2025-01-07 21:41:37,514.5130416488012
FLOCK 4Q-25,2025-01-07 21:22:33,514.3788367635121
EXO-0,2025-01-07 21:27:14,514.3766674506295
2023-085AQ,2025-01-07 23:44:04,512.5153110854386
COSMOS 2567,2025-01-07 23:45:04,512.0825336477805
FLOCK 4Q-14,2025-01-07 21:23:07,511.8008916249791
FLOCK 4Q-16,2025-01-07 21:35:48,511.50416411120756
2024-085C,2025-01-07 21:17:26,511.22770953277467
PICO-01A003,2025-01-07 21:31:02,510.8537482203138
2023-085B,2025-01-07 23:19:58,509.45304375690034
ORBASTRO-PC-1,2025-01-07 21:29:53,508.9393572513896
OBSERVER-1A,2025-01-07 21:27:01,508.7761313048606
TIANMU-1 19,2025-01-07 23:51:42,508.67510717336756
SPIRIT,2025-01-07 21:02:07,507.519300645647
KANOPUS-V-IK,2025-01-07 23:17:35,507.05411018250385
D-STAR ONE (SPARROW),2025-01-07 23:35:36,506.11291134868105
QUBE,2025-01-07 21:36:16,505.680881327281
NEONSAT-1,2025-01-07 21:48:05,505.1882802686993
FLOCK 4Y-30,2025-01-07 21:05:19,504.9574894458664
BLUEWALKER-3,2025-01-07 22:06:49,504.6729860112504
FLOCK 4Q-28,2025-01-07 21:26:11,504.38495506263297
FLOCK 4BE-30,2025-01-07 21:30:41,503.16200325326685
JILIN-1 GAOFEN 03D18,2025-01-07 21:21:44,502.6568459934996
IRIS-A,2025-01-07 21:25:07,502.2197071376168
2024-095D,2025-01-07 21:41:28,501.6514481711833
ORBICRAFT-ZORKY,2025-01-07 23:30:39,501.3037474862801
CONNECTA IOT-4,2025-01-07 21:31:09,501.2851299496514
FLOCK 4BE-11,2025-01-07 21:33:17,500.87398038020984
PEARL 1C,2025-01-07 21:30:02,500.2734435678869
FLOCK 4Q-12,2025-01-07 21:26:43,499.7224138483706
DONGPO 04,2025-01-07 23:17:39,499.4546538216967
2024-024H,2025-01-07 21:48:16,499.26186950298523
FLOCK 4BE-14,2025-01-07 21:34:04,498.6354937283365
2023-085AF,2025-01-07 23:39:56,497.98291729206403
FLOCK 4Q-11,2025-01-07 21:31:38,497.912796804249
LEMUR-2-MARAPAMASM,2025-01-07 21:36:55,497.5457555917523
JILIN-1 GAOFEN 3D27,2025-01-07 21:56:06,496.77273867660307
2024-024G,2025-01-07 21:21:35,496.3510642840883
FLOCK 4Q-29,2025-01-07 21:30:21,495.40934884932517
EAGLEEYE,2025-01-07 21:31:17,494.43290429861486
2023-085Z,2025-01-07 23:23:04,493.2859232055471
DONGPO 06,2025-01-07 23:12:13,491.30962287962546
LEMUR-2-JK0903EM1407,2025-01-07 21:33:11,490.26034458125815
2022-087E,2025-01-07 22:34:51,487.5995895330292
JILIN-1 GAOFEN 03D12,2025-01-07 21:31:29,487.469634816751
TIGER-5,2025-01-07 21:29:25,485.67404126516374
2023-085G,2025-01-07 23:26:29,484.01767450318675
GEESAT-3 04,2025-01-07 21:43:43,483.8981153972004
LYNK TOWER 1,2025-01-07 21:50:10,482.29868469448076
MCUBED-2,2025-01-07 21:55:35,482.26157776137694
2023-085AN,2025-01-07 23:26:09,481.7148335525768
FLOCK 4Q-10,2025-01-07 21:31:08,480.22280549523356
2023-117D,2025-01-07 21:27:40,480.00013529667007
2023-085AB,2025-01-07 23:27:42,475.0402984547127
2023-085AP,2025-01-07 23:38:02,474.688356518166
LEDSAT,2025-01-07 21:30:31,472.9032525803985
XJY-7,2025-01-07 22:58:23,472.07240602600723
2023-085T,2025-01-07 23:30:08,466.4124975289133
NUSAT-38 (MARIA AGNESI),2025-01-07 22:42:06,466.2286867792099
CSIM-FD,2025-01-07 21:00:46,465.60727510736353
PLATFORM-5,2025-01-07 21:39:09,464.1981730693732
GHGSAT-C7,2025-01-07 22:36:10,463.23421099844626
SNAP-3,2025-01-07 22:43:09,462.6522393356366
KEPLER-19,2025-01-07 21:10:48,461.8381413565895
LEMUR-2-THE-CLEANER,2025-01-07 21:35:48,460.94894940394795
RLFL14,2025-01-07 23:11:17,456.62626559881824
LEMUR-2-GOOD-VIBES,2025-01-07 21:35:15,454.5010557279276
BRO-9,2025-01-07 22:43:40,454.3886719874444
NUSAT-39 (TIKVAH ALPER),2025-01-07 22:55:31,452.80460149784
LEMUR-2-DILIGHTFUL,2025-01-07 21:40:26,448.96761749961115
ISS (ZARYA),2025-01-07 21:57:26,448.5445791857695
ISS (NAUKA),2025-01-07 21:57:25,448.5322287604624
CYGNUS NG-21,2025-01-07 21:57:25,448.5322287604624
PROGRESS-MS 28,2025-01-07 21:57:25,448.5322287604624
SOYUZ-MS 26,2025-01-07 21:57:25,448.5322287604624
CREW DRAGON 9,2025-01-07 21:57:25,448.5322287604624
PROGRESS-MS 29,2025-01-07 21:57:25,448.5322287604624
SICH-2-30 (SICH-2-1),2025-01-07 21:00:22,445.75520955235464
BRO-7,2025-01-07 22:33:37,444.60765685872695
FLOCK 4Q-32,2025-01-07 21:54:02,443.29110947744533
2023-117E,2025-01-07 21:39:06,441.6659332596107
MDASAT-1B,2025-01-07 21:14:23,441.6405463541005
NUSAT-37 (JOAN CLARKE),2025-01-07 22:40:27,439.53344440114324
GRBALPHA,2025-01-07 23:00:06,435.4887973756745
DEWASAT-2,2025-01-07 23:39:11,435.22852996874735
MDASAT-1A,2025-01-07 21:07:18,434.66507264775527
CARBONITE 2,2025-01-07 21:19:12,434.0120910203792
1998-067XC,2025-01-07 21:56:44,432.04559152846775
ASTROCAST-0302,2025-01-07 23:46:52,431.2373390238894
YOMOGI,2025-01-07 21:56:25,430.9896695403296
AMICALSAT,2025-01-07 21:47:36,423.28010826461343
COSMOS 2575,2025-01-07 22:47:37,420.38639061491693
NUSAT-36 (ANNIE CANNON),2025-01-07 22:52:08,414.40481836530876
2023-117G,2025-01-07 21:48:50,399.7740446513118
YODAKA,2025-01-07 21:16:45,396.0617615976035
TOMORROW-R1,2025-01-07 23:02:59,388.8085692899483
TIANHUI 1,2025-01-07 23:23:50,387.0873484159187
ONGLAISAT,2025-01-07 21:36:27,386.60973837444953
1998-067XD,2025-01-07 21:32:25,383.643548625981
LZWN (JINAN 1),2025-01-07 21:58:03,382.7641833695516
ILLUMA-T,2025-01-07 21:04:15,376.95244739743026
COSMOS 2572,2025-01-07 23:37:02,374.591127502133
BEESAT-8,2025-01-07 23:46:51,372.70331907893376
NANOSATC-BR2,2025-01-07 23:20:47,361.149848102978
VCUB1,2025-01-07 23:33:29,294.02252518161356
SPACEBEE-6,2025-01-07 21:37:25,274.29381814540193
